id,first_name,last_name,email,phone,address,city,state,postal_code,country,created_date
11,Frank,Jackson,frank.jackson16@hotmail.com,+1-251-621-8734,8302 Elm St,Austin,TX,62974,US,2020-05-31
18,Paul,White,paul.white48@gmail.com,+1-567-561-9028,51 Oak St,Philadelphia,PA,94463,US,2022-08-15
1,Quinn,Thomas,quinnthomas19@example.com,+1-638-936-5083,5095 Main St,Phoenix,AZ,72939,US,2021-09-26
15,Olivia,Taylor,olivia.taylor49@gmail.com,+1-558-485-5256,6479 Elm St,Houston,TX,95244,US,2022-11-09
6,Alice,Thomas,alice.thomas6@gmail.com,+1-957-932-6999,259 Main St,Dallas,TX,88908,US,2023-10-22
9,David,Thomas,david.thomas38@example.com,+1-398-463-6374,7919 Oak St,Los Angeles,CA,34801,US,2022-03-10
5,David,Miller,david.miller78@hotmail.com,+1-300-583-8931,3568 Pine St,San Antonio,TX,76535,US,2023-11-16
4,Jack,Brown,jackbrown49@example.com,+1-875-472-9149,470 Pine St,Los Angeles,CA,41779,US,2022-02-08
8,Paul,Williams,paulwilliams77@gmail.com,+1-719-391-2276,4363 Elm St,San Antonio,TX,20023,US,2021-11-30
19,Paul,Johnson,paul_johnson92@yahoo.com,+1-533-544-8087,520 Oak St,Austin,TX,42008,US,2020-10-14
12,Jack,Taylor,jack.taylor36@example.com,+1-380-349-4663,2031 Elm St,San Antonio,TX,38177,US,2023-07-14
3,Frank,Johnson,frank.johnson76@outlook.com,+1-235-909-4993,1374 Pine St,New York,NY,98193,US,2021-01-17
13,Carol,Harris,carolharris54@gmail.com,+1-853-933-6304,6364 Elm St,Austin,TX,37432,US,2023-11-30
7,Quinn,Taylor,quinn_taylor46@yahoo.com,+1-988-236-5794,1115 Oak St,Philadelphia,PA,83963,US,2021-02-05
14,Karen,Taylor,karen.taylor24@yahoo.com,+1-636-527-3415,2285 Elm St,Houston,TX,96292,US,2022-04-20
11,Frank,Jackson,frank.jackson16@hotmail.com,+1-251-621-8734,8302 Elm St,Austin,TX,62974,US,2020-05-31
12,Jack,Taylor,jack.taylor36@example.com,+1-380-349-4663,2031 Elm St,San Antonio,TX,38177,US,2023-07-14
17,Jack,Johnson,jack.johnson62@example.com,+1-887-644-5510,1185 Main St,San Antonio,TX,13353,US,2022-09-16
16,Bob,Williams,bobwilliams68@example.com,+1-441-724-6417,6463 Elm St,Dallas,TX,23034,US,2023-10-24
14,Karen,Taylor,karen.taylor24@yahoo.com,+1-636-527-3415,2285 Elm St,Houston,TX,96292,US,2022-04-20
16,Bob,Williams,bobwilliams68@example.com,+1-441-724-6417,6463 Elm St,Dallas,TX,23034,US,2023-10-24
20,Carol,Brown,carolbrown2@example.com,+1-998-799-4827,4981 Pine St,Dallas,TX,73976,US,2021-08-14
6,Alice,Thomas,alice.thomas6@gmail.com,+1-957-932-6999,259 Main St,Dallas,TX,88908,US,2023-10-22
2,Rachel,Smith,rachel.smith78@hotmail.com,+1-672-584-2591,6629 Main St,San Diego,CA,88469,US,2020-04-22
10,Paul,Wilson,paul.wilson39@yahoo.com,+1-330-135-1444,1138 Elm St,Austin,TX,46894,US,2023-07-30
